n04409515_10015.JPEG,0.6400,0.5796,0.6820,0.6426
n04409515_10050.JPEG,0.1467,0.0440,0.4133,0.2500
n04409515_10050.JPEG,0.4080,0.0820,0.6560,0.2720
n04409515_10050.JPEG,0.6160,0.4120,0.7093,0.4800
n04409515_10050.JPEG,0.2587,0.1840,0.4453,0.2960
n04409515_10050.JPEG,0.6400,0.3500,0.7253,0.4060
n04409515_10173.JPEG,0.2273,0.4340,0.9261,0.9320
n04409515_10173.JPEG,0.1989,0.2300,0.8551,0.5700
n04409515_10284.JPEG,0.3860,0.3958,0.6100,0.7232
n04409515_10312.JPEG,0.2780,0.0690,0.7180,0.7040
n04409515_10519.JPEG,0.5020,0.1600,0.9980,0.8240
n04409515_10577.JPEG,0.0000,0.1340,0.9940,0.9120
n04409515_10592.JPEG,0.3520,0.3033,0.6080,0.6877
n04409515_1060.JPEG,0.4320,0.3520,0.5520,0.5120
n04409515_1064.JPEG,0.1660,0.2770,0.4320,0.6618
n04409515_10668.JPEG,0.2414,0.0617,0.7745,0.9095
n04409515_10680.JPEG,0.5160,0.2673,0.8440,0.7628
n04409515_10723.JPEG,0.3760,0.2735,0.6340,0.6529
n04409515_10728.JPEG,0.6840,0.3138,0.8520,0.5426
n04409515_10728.JPEG,0.4920,0.2340,0.6760,0.4628
n04409515_10728.JPEG,0.6200,0.0851,0.7960,0.3298
n04409515_10788.JPEG,0.2220,0.1747,0.6880,0.8434
n04409515_10798.JPEG,0.0780,0.4897,0.5600,0.9941
n04409515_10798.JPEG,0.7260,0.0000,0.9980,0.5634
n04409515_10798.JPEG,0.5180,0.4926,0.9980,0.9971
n04409515_10798.JPEG,0.0000,0.0000,0.3040,0.6372
n04409515_10798.JPEG,0.2300,0.0059,0.7320,0.5369
n04409515_10817.JPEG,0.1472,0.3300,0.7874,0.8640
n04409515_10853.JPEG,0.0811,0.3740,0.5285,0.6700
n04409515_10858.JPEG,0.3000,0.2133,0.6220,0.5760
n04409515_10859.JPEG,0.3540,0.7140,0.5600,0.9204
n04409515_10902.JPEG,0.2031,0.0657,0.7800,0.8419
n04409515_10946.JPEG,0.0840,0.2373,0.5020,0.7867
n04409515_10950.JPEG,0.1640,0.0000,0.8900,0.9970
n04409515_11034.JPEG,0.0020,0.0020,0.9960,0.9960
n04409515_11071.JPEG,0.1480,0.1240,0.9960,0.8640
n04409515_11072.JPEG,0.2162,0.6280,0.6426,0.9160
n04409515_11090.JPEG,0.3460,0.3227,0.5760,0.6320
n04409515_11129.JPEG,0.3440,0.3253,0.5860,0.6507
n04409515_11136.JPEG,0.0060,0.0020,0.9920,0.9920
n04409515_11220.JPEG,0.4360,0.5148,0.6280,0.8407
n04409515_1139.JPEG,0.3880,0.6154,0.4100,0.6557
n04409515_11463.JPEG,0.2920,0.0629,0.8540,0.8543
n04409515_1169.JPEG,0.6866,0.9020,0.8149,0.9840
n04409515_11788.JPEG,0.5440,0.5653,0.7300,0.8053
n04409515_11818.JPEG,0.5140,0.6320,0.6140,0.7573
n04409515_1208.JPEG,0.5500,0.2523,0.8180,0.6306
n04409515_1209.JPEG,0.3940,0.2252,0.7040,0.6937
n04409515_1231.JPEG,0.1324,0.7140,0.4941,0.9540
n04409515_12343.JPEG,0.5820,0.4625,0.7280,0.6637
n04409515_1247.JPEG,0.3920,0.8048,0.5240,0.9970
n04409515_1251.JPEG,0.5733,0.6760,0.8293,0.8660
n04409515_1259.JPEG,0.1580,0.3882,0.5320,0.8535
n04409515_1297.JPEG,0.5520,0.4187,0.6480,0.5093
n04409515_13007.JPEG,0.2800,0.4880,0.6460,0.9253
n04409515_1301.JPEG,0.2720,0.5455,0.5120,0.8583
n04409515_1317.JPEG,0.2200,0.0027,0.9940,0.9973
n04409515_13328.JPEG,0.4240,0.7284,0.5700,0.9493
n04409515_13461.JPEG,0.5240,0.5307,0.7180,0.7920
n04409515_13571.JPEG,0.3840,0.0480,0.9440,0.7893
n04409515_1359.JPEG,0.4640,0.1627,0.8600,0.6880
n04409515_1362.JPEG,0.6200,0.3964,0.9280,0.8498
n04409515_13735.JPEG,0.1200,0.2613,0.5460,0.8919
n04409515_1386.JPEG,0.3200,0.6389,0.6240,0.9444
n04409515_1387.JPEG,0.5783,0.7300,0.9157,0.9600
n04409515_13983.JPEG,0.3240,0.2507,0.6560,0.7013
n04409515_1418.JPEG,0.4187,0.2140,0.7333,0.4260
n04409515_14217.JPEG,0.3720,0.3093,0.6460,0.7207
n04409515_14519.JPEG,0.0000,0.0571,0.9980,0.9970
n04409515_1456.JPEG,0.3320,0.6697,0.5780,0.9970
n04409515_14609.JPEG,0.2060,0.2418,0.5660,0.7642
n04409515_1471.JPEG,0.7260,0.4500,0.9780,0.8111
n04409515_14721.JPEG,0.0500,0.5526,0.2600,0.8679
n04409515_14721.JPEG,0.4460,0.5616,0.6580,0.8829
n04409515_14721.JPEG,0.2740,0.4805,0.4700,0.7658
n04409515_1473.JPEG,0.2213,0.5940,0.6293,0.8920
n04409515_10792.JPEG,0.2760,0.6667,0.5140,0.9973
n04409515_11423.JPEG,0.3820,0.6125,0.5420,0.8238
n04409515_1334.JPEG,0.5440,0.2733,0.9420,0.8679
n04409515_1491.JPEG,0.5720,0.2635,0.6920,0.4401
n04409515_1623.JPEG,0.7067,0.7220,0.8373,0.8100
n04409515_17573.JPEG,0.5180,0.3544,0.8760,0.8859
n04409515_1836.JPEG,0.7820,0.5345,0.8140,0.5736
n04409515_19135.JPEG,0.1900,0.4970,0.2380,0.5783
n04409515_19603.JPEG,0.0509,0.1760,0.9521,0.7700
n04409515_20291.JPEG,0.3860,0.1021,0.7320,0.6246
n04409515_2103.JPEG,0.1040,0.1547,0.5420,0.7200
n04409515_21752.JPEG,0.2660,0.2800,0.7000,0.8667
n04409515_22288.JPEG,0.4220,0.3964,0.5880,0.6426
n04409515_2338.JPEG,0.1840,0.1051,0.7540,0.9610
n04409515_2552.JPEG,0.3600,0.5405,0.4020,0.5946
n04409515_2694.JPEG,0.0800,0.2078,0.5120,0.7978
n04409515_2803.JPEG,0.4264,0.4480,0.5826,0.5360
n04409515_3049.JPEG,0.3604,0.7500,0.7177,0.9800
n04409515_3468.JPEG,0.1440,0.6263,0.3160,0.8237
n04409515_4143.JPEG,0.4380,0.3481,0.5780,0.5369
n04409515_488.JPEG,0.4440,0.1647,0.8420,0.7529
n04409515_5527.JPEG,0.0053,0.2060,0.8613,0.8500
n04409515_5675.JPEG,0.2124,0.2054,0.6613,0.5916
n04409515_5856.JPEG,0.6900,0.5760,0.8840,0.8347
n04409515_6116.JPEG,0.2427,0.7100,0.4187,0.8440
n04409515_6353.JPEG,0.5000,0.6773,0.8269,0.9704
n04409515_6750.JPEG,0.1600,0.2560,0.6160,0.8533
n04409515_7202.JPEG,0.3144,0.1700,0.6737,0.3960
n04409515_7202.JPEG,0.3323,0.5960,0.6796,0.8160
n04409515_7202.JPEG,0.3443,0.3840,0.6916,0.6060
n04409515_7628.JPEG,0.0960,0.6813,0.3200,0.8688
n04409515_824.JPEG,0.5117,0.7126,0.6055,0.8534
n04409515_8933.JPEG,0.3994,0.7280,0.6877,0.9320
n04409515_1496.JPEG,0.6220,0.1230,0.9820,0.6047
n04409515_15168.JPEG,0.0977,0.0733,0.2215,0.1533
n04409515_1519.JPEG,0.0380,0.6027,0.3580,0.9680
n04409515_1523.JPEG,0.5380,0.1802,0.5720,0.2342
n04409515_1529.JPEG,0.6620,0.6366,0.8400,0.8769
n04409515_1536.JPEG,0.6560,0.4827,0.9180,0.8320
n04409515_1539.JPEG,0.0020,0.6769,0.1540,0.9262
n04409515_15502.JPEG,0.4420,0.2267,0.5860,0.3947
n04409515_1556.JPEG,0.7387,0.6700,0.8258,0.7240
n04409515_1557.JPEG,0.2420,0.5195,0.5040,0.8919
n04409515_1557.JPEG,0.4920,0.3514,0.7460,0.7237
n04409515_1557.JPEG,0.6740,0.2072,0.9200,0.5826
n04409515_1561.JPEG,0.5700,0.3040,0.6080,0.3547
n04409515_15891.JPEG,0.0440,0.1200,0.4460,0.6640
n04409515_1600.JPEG,0.6340,0.3003,0.7600,0.4752
n04409515_1608.JPEG,0.1680,0.3594,0.4040,0.6244
n04409515_16092.JPEG,0.2820,0.1947,0.7000,0.7520
n04409515_1618.JPEG,0.7340,0.7658,0.7880,0.8378
n04409515_1618.JPEG,0.2980,0.5465,0.3280,0.5706
n04409515_1628.JPEG,0.8500,0.5013,0.8740,0.5307
n04409515_16386.JPEG,0.3160,0.8373,0.4360,0.9707
n04409515_1647.JPEG,0.3180,0.0187,0.9980,0.9253
n04409515_1648.JPEG,0.1220,0.0901,0.1560,0.1296
n04409515_16533.JPEG,0.2000,0.0000,0.7760,0.8138
n04409515_16700.JPEG,0.4760,0.1557,0.7040,0.5000
n04409515_16748.JPEG,0.3146,0.4760,0.4562,0.6040
n04409515_1677.JPEG,0.5260,0.5599,0.6100,0.6527
n04409515_1683.JPEG,0.1260,0.4746,0.4040,0.8955
n04409515_1685.JPEG,0.6235,0.1700,0.7229,0.2360
n04409515_1694.JPEG,0.2540,0.1707,0.7260,0.7947
n04409515_1712.JPEG,0.2820,0.2929,0.4480,0.5821
n04409515_1715.JPEG,0.6740,0.2000,0.9060,0.4613
n04409515_1715.JPEG,0.4580,0.3013,0.7100,0.5600
n04409515_1715.JPEG,0.3540,0.5867,0.5120,0.8720
n04409515_1720.JPEG,0.0000,0.0000,0.5060,0.9280
n04409515_173.JPEG,0.0625,0.2250,0.1250,0.2792
n04409515_1734.JPEG,0.6680,0.2132,0.6960,0.2523
n04409515_176.JPEG,0.2640,0.2487,0.7100,0.8289
n04409515_1767.JPEG,0.2660,0.0242,0.7340,0.4990
n04409515_1767.JPEG,0.0080,0.4788,0.4920,0.9838
n04409515_1767.JPEG,0.5240,0.4909,0.9920,0.9758
n04409515_1768.JPEG,0.4900,0.4565,0.5680,0.5736
n04409515_17709.JPEG,0.3220,0.3700,0.9360,0.9860
n04409515_17747.JPEG,0.2860,0.3760,0.7180,0.9813
n04409515_1788.JPEG,0.5700,0.0691,0.6640,0.2162
n04409515_17902.JPEG,0.2844,0.6240,0.6766,0.8820
n04409515_1794.JPEG,0.3800,0.5131,0.6340,0.7293
n04409515_1808.JPEG,0.2140,0.3814,0.4400,0.7658
n04409515_1810.JPEG,0.3740,0.3855,0.5900,0.7018
n04409515_18144.JPEG,0.2520,0.3826,0.5720,0.8127
n04409515_18187.JPEG,0.1560,0.7237,0.2360,0.8318
n04409515_1825.JPEG,0.1800,0.0991,0.7560,0.9940
n04409515_18257.JPEG,0.5160,0.1731,0.8580,0.6746
n04409515_1827.JPEG,0.2440,0.7087,0.2820,0.7508
n04409515_1835.JPEG,0.1411,0.4320,0.4204,0.6160
n04409515_18408.JPEG,0.6028,0.4500,0.7611,0.5646
n04409515_18408.JPEG,0.6583,0.5437,0.8028,0.6521
n04409515_18408.JPEG,0.7528,0.5292,0.8889,0.6417
n04409515_18516.JPEG,0.0560,0.4620,0.2853,0.6320
n04409515_1852.JPEG,0.4840,0.6267,0.5700,0.6800
n04409515_1862.JPEG,0.1880,0.4708,0.4460,0.8329
n04409515_18727.JPEG,0.8880,0.7327,0.9440,0.8258
n04409515_18806.JPEG,0.7380,0.7823,0.8020,0.8833
n04409515_1883.JPEG,0.5440,0.5526,0.6360,0.7018
n04409515_18852.JPEG,0.3840,0.3040,0.7400,0.7840
n04409515_18867.JPEG,0.2200,0.4775,0.4960,0.8589
n04409515_1888.JPEG,0.5660,0.7720,0.8260,0.9960
n04409515_18913.JPEG,0.5020,0.1707,0.8960,0.6853
n04409515_18913.JPEG,0.1000,0.0000,0.2660,0.1973
n04409515_18956.JPEG,0.4220,0.4354,0.5000,0.5586
n04409515_18972.JPEG,0.1260,0.1198,0.4760,0.5729
n04409515_19000.JPEG,0.2080,0.0267,0.9720,0.9973
n04409515_19000.JPEG,0.0020,0.0027,0.5340,0.3493
n04409515_19018.JPEG,0.3100,0.5600,0.4640,0.7877
n04409515_19036.JPEG,0.1381,0.4340,0.5165,0.6920
n04409515_19163.JPEG,0.2340,0.5301,0.4240,0.8072
n04409515_19199.JPEG,0.5960,0.4384,0.6500,0.5165
n04409515_19249.JPEG,0.0020,0.2320,0.4000,0.9973
n04409515_19252.JPEG,0.8540,0.6400,0.8940,0.6933
n04409515_19252.JPEG,0.8960,0.6453,0.9340,0.6987
n04409515_1933.JPEG,0.4020,0.7120,0.5680,0.9040
n04409515_19377.JPEG,0.2140,0.1478,0.7420,0.8986
n04409515_19393.JPEG,0.2080,0.6160,0.2720,0.6620
n04409515_1940.JPEG,0.2662,0.0717,0.6088,0.5617
n04409515_19407.JPEG,0.2400,0.2045,0.2820,0.2549
n04409515_19446.JPEG,0.8540,0.5253,0.8820,0.5653
n04409515_19454.JPEG,0.3893,0.2140,0.5198,0.3320
n04409515_19454.JPEG,0.1166,0.8620,0.2051,0.9360
n04409515_19454.JPEG,0.4499,0.7160,0.5152,0.7740
n04409515_19454.JPEG,0.8695,0.7260,0.9394,0.7860
n04409515_1946.JPEG,0.2000,0.3200,0.8267,0.8060
n04409515_1947.JPEG,0.3620,0.4667,0.4920,0.6427
n04409515_19515.JPEG,0.0862,0.1540,0.1846,0.2120
n04409515_19549.JPEG,0.7420,0.4829,0.9820,0.8229
n04409515_19563.JPEG,0.2940,0.1802,0.6940,0.7598
n04409515_1963.JPEG,0.2060,0.6566,0.4840,0.9629
n04409515_1965.JPEG,0.4760,0.5054,0.7260,0.7392
n04409515_1965.JPEG,0.6920,0.2796,0.8500,0.4489
n04409515_19685.JPEG,0.3733,0.7300,0.4880,0.8140
n04409515_1974.JPEG,0.1540,0.6577,0.2600,0.7808
n04409515_1975.JPEG,0.3920,0.3393,0.6140,0.6637
n04409515_19757.JPEG,0.5920,0.6480,0.6860,0.7760
n04409515_19816.JPEG,0.6120,0.2455,0.8880,0.6557
n04409515_19845.JPEG,0.7460,0.7493,0.9860,0.9947
n04409515_19976.JPEG,0.3832,0.1320,0.6796,0.3300
n04409515_2006.JPEG,0.0853,0.1860,0.9920,0.9060
n04409515_20151.JPEG,0.1060,0.3151,0.5120,0.8114
n04409515_2017.JPEG,0.4020,0.6517,0.5800,0.9279
n04409515_202.JPEG,0.1573,0.2680,0.8044,0.9100
n04409515_2022.JPEG,0.3060,0.3920,0.3660,0.4640
n04409515_20238.JPEG,0.2800,0.6740,0.4693,0.8240
n04409515_20264.JPEG,0.4955,0.7100,0.6577,0.7940
n04409515_203.JPEG,0.1140,0.2320,0.4180,0.6400
n04409515_2033.JPEG,0.0860,0.0800,0.6620,0.8827
n04409515_20354.JPEG,0.3940,0.7227,0.5500,0.8720
n04409515_2036.JPEG,0.4323,0.8070,0.5419,0.9254
n04409515_20450.JPEG,0.3640,0.0000,0.9980,0.9970
n04409515_2050.JPEG,0.5000,0.3554,0.9980,0.9970
n04409515_2052.JPEG,0.2380,0.4865,0.2920,0.5706
n04409515_20561.JPEG,0.3400,0.3440,0.5540,0.6320
n04409515_20573.JPEG,0.2580,0.2000,0.6560,0.7940
n04409515_20591.JPEG,0.4114,0.4400,0.5766,0.5520
n04409515_20637.JPEG,0.2160,0.6220,0.6747,0.9340
n04409515_20664.JPEG,0.3860,0.3093,0.5080,0.5947
n04409515_20722.JPEG,0.3980,0.1682,0.6120,0.4925
n04409515_20815.JPEG,0.1220,0.3960,0.4160,0.9560
n04409515_2083.JPEG,0.4660,0.5500,0.6420,0.6500
n04409515_20912.JPEG,0.7220,0.0000,0.9880,0.3064
n04409515_2106.JPEG,0.2660,0.6527,0.4580,0.9551
n04409515_2110.JPEG,0.2533,0.5500,0.4320,0.6820
n04409515_21120.JPEG,0.4267,0.5500,0.5653,0.6640
n04409515_21193.JPEG,0.5320,0.3544,0.9200,0.9309
n04409515_2123.JPEG,0.4011,0.4600,0.4585,0.5000
n04409515_21408.JPEG,0.1377,0.2100,0.8743,0.7020
n04409515_21425.JPEG,0.2780,0.6657,0.4640,0.9428
n04409515_21425.JPEG,0.1380,0.6265,0.3080,0.8886
n04409515_21452.JPEG,0.1680,0.4760,0.7547,0.9240
n04409515_21482.JPEG,0.6606,0.7400,0.8653,0.9000
n04409515_21524.JPEG,0.3480,0.2462,0.6000,0.6246
n04409515_2155.JPEG,0.1000,0.1040,0.9000,0.8960
n04409515_21647.JPEG,0.4540,0.3973,0.6400,0.6480
n04409515_2166.JPEG,0.1449,0.4380,0.2103,0.5000
n04409515_2169.JPEG,0.3644,0.6960,0.6531,0.8900
n04409515_21724.JPEG,0.1920,0.4535,0.2920,0.6036
n04409515_21736.JPEG,0.1260,0.6757,0.2900,0.9159
n04409515_21754.JPEG,0.5440,0.1340,0.9900,0.8525
n04409515_21754.JPEG,0.2780,0.4960,0.3740,0.6273
n04409515_21756.JPEG,0.8515,0.5000,0.9048,0.5400
n04409515_2182.JPEG,0.4680,0.5707,0.6320,0.7813
n04409515_2185.JPEG,0.0840,0.1021,0.2660,0.3754
n04409515_21958.JPEG,0.0940,0.3114,0.4440,0.8443
n04409515_2199.JPEG,0.3080,0.7321,0.4440,0.8992
n04409515_2200.JPEG,0.4600,0.4880,0.5760,0.6267
n04409515_2200.JPEG,0.3500,0.5173,0.4520,0.6000
n04409515_2200.JPEG,0.5600,0.4187,0.6060,0.5227
n04409515_22004.JPEG,0.7200,0.2703,0.9480,0.6036
n04409515_2201.JPEG,0.5240,0.4805,0.7980,0.8619
n04409515_22019.JPEG,0.6380,0.5522,0.8820,0.8716
n04409515_22067.JPEG,0.5920,0.3273,0.8640,0.7267
n04409515_22109.JPEG,0.2560,0.1976,0.7460,0.8997
n04409515_22109.JPEG,0.7000,0.3038,0.9860,0.9794
n04409515_22109.JPEG,0.6820,0.0796,0.9820,0.4661
n04409515_22158.JPEG,0.1557,0.2000,0.4641,0.4040
n04409515_22172.JPEG,0.7240,0.7477,0.8640,0.9459
n04409515_22172.JPEG,0.0760,0.0270,0.6820,0.9459
n04409515_22217.JPEG,0.6160,0.0781,0.8820,0.4745
n04409515_22217.JPEG,0.3660,0.1622,0.6440,0.5736
n04409515_22217.JPEG,0.1040,0.0571,0.3720,0.4535
n04409515_22225.JPEG,0.0960,0.0587,0.7720,0.9147
n04409515_2233.JPEG,0.1701,0.7360,0.2448,0.7840
n04409515_2237.JPEG,0.2320,0.6440,0.2800,0.6800
n04409515_2243.JPEG,0.4300,0.1213,0.9780,0.7529
n04409515_2244.JPEG,0.5780,0.8228,0.7280,0.9970
n04409515_2244.JPEG,0.4080,0.8258,0.5560,0.9970
n04409515_2256.JPEG,0.2200,0.5976,0.4680,0.9279
n04409515_2262.JPEG,0.1800,0.4444,0.4140,0.7087
n04409515_2263.JPEG,0.1760,0.1947,0.3480,0.4213
n04409515_2265.JPEG,0.0560,0.4428,0.3600,0.8404
n04409515_2270.JPEG,0.1387,0.4200,0.7467,0.8640
n04409515_22716.JPEG,0.4280,0.4234,0.5480,0.6096
n04409515_2292.JPEG,0.3880,0.5107,0.4240,0.5615
n04409515_2298.JPEG,0.4820,0.4820,0.5620,0.8829
n04409515_2303.JPEG,0.4780,0.5040,0.6420,0.7227
n04409515_2323.JPEG,0.1920,0.0480,0.7380,0.8679
n04409515_2326.JPEG,0.3860,0.5282,0.6700,0.8592
n04409515_2328.JPEG,0.5700,0.2310,0.6380,0.3018
n04409515_2347.JPEG,0.3380,0.7615,0.4560,0.9282
n04409515_2365.JPEG,0.3814,0.4880,0.7417,0.7220
n04409515_2397.JPEG,0.7493,0.7700,0.8853,0.8300
n04409515_2398.JPEG,0.4280,0.5315,0.4460,0.5586
n04409515_240.JPEG,0.7694,0.0860,0.8612,0.1560
n04409515_2405.JPEG,0.0640,0.3636,0.2860,0.6774
n04409515_2405.JPEG,0.4740,0.4633,0.5480,0.5660
n04409515_2405.JPEG,0.7520,0.4457,0.8400,0.5806
n04409515_2405.JPEG,0.6860,0.4663,0.7460,0.5572
n04409515_2405.JPEG,0.2960,0.4457,0.3940,0.5836
n04409515_2424.JPEG,0.1960,0.1040,0.6660,0.7413
n04409515_2427.JPEG,0.6920,0.6456,0.7300,0.6907
n04409515_2442.JPEG,0.4750,0.3200,0.5650,0.3960
n04409515_2457.JPEG,0.2720,0.1862,0.7100,0.7808
n04409515_2458.JPEG,0.1980,0.0000,0.8180,0.8400
n04409515_2466.JPEG,0.1351,0.7220,0.3363,0.8560
n04409515_2474.JPEG,0.0160,0.0330,0.9980,0.9970
n04409515_2504.JPEG,0.4715,0.5900,0.7508,0.7800
n04409515_252.JPEG,0.0324,0.0000,0.9741,0.7520
n04409515_2550.JPEG,0.6220,0.4174,0.6800,0.4895
n04409515_2560.JPEG,0.4380,0.5766,0.4800,0.6426
n04409515_2565.JPEG,0.0040,0.0020,0.9700,0.9960
n04409515_2588.JPEG,0.7660,0.1309,0.7980,0.1675
n04409515_2588.JPEG,0.6400,0.8717,0.6680,0.9110
n04409515_2591.JPEG,0.2560,0.4427,0.4240,0.6587
n04409515_2604.JPEG,0.2597,0.5100,0.5910,0.7420
n04409515_2608.JPEG,0.6080,0.3183,0.6560,0.3814
n04409515_2622.JPEG,0.0680,0.0000,0.9460,0.9067
n04409515_2628.JPEG,0.4620,0.7640,0.5240,0.8960
n04409515_2637.JPEG,0.3420,0.3574,0.3980,0.4294
n04409515_2640.JPEG,0.4780,0.5920,0.5460,0.6800
n04409515_2641.JPEG,0.2340,0.4535,0.5180,0.8649
n04409515_2641.JPEG,0.5680,0.3784,0.6880,0.5676
n04409515_2648.JPEG,0.3040,0.1440,0.9980,0.9973
n04409515_2667.JPEG,0.4280,0.3414,0.5240,0.4683
n04409515_2680.JPEG,0.2680,0.4384,0.4560,0.6667
n04409515_2684.JPEG,0.4720,0.3467,0.5620,0.4213
n04409515_2687.JPEG,0.0500,0.1291,0.2520,0.3844
n04409515_2695.JPEG,0.3033,0.0640,0.3393,0.0820
n04409515_2714.JPEG,0.3600,0.3650,0.6600,0.8300
n04409515_2714.JPEG,0.0600,0.3850,0.3600,0.8500
n04409515_2714.JPEG,0.6533,0.3500,0.9533,0.8050
n04409515_2714.JPEG,0.2033,0.0900,0.4900,0.4750
n04409515_2714.JPEG,0.4933,0.0700,0.7767,0.4700
n04409515_2715.JPEG,0.6700,0.5165,0.7320,0.6066
n04409515_2717.JPEG,0.4840,0.6587,0.6560,0.7893
n04409515_2718.JPEG,0.0100,0.0040,0.9960,0.9940
n04409515_2719.JPEG,0.0040,0.2560,0.2180,0.6240
n04409515_2723.JPEG,0.7460,0.7153,0.9040,0.8796
n04409515_2729.JPEG,0.1441,0.5120,0.3033,0.6240
n04409515_2730.JPEG,0.3840,0.7093,0.6360,0.9973
n04409515_2731.JPEG,0.5314,0.6880,0.5776,0.7120
n04409515_2734.JPEG,0.3860,0.4693,0.4340,0.4987
n04409515_2744.JPEG,0.7960,0.5387,0.8780,0.6107
n04409515_2780.JPEG,0.5440,0.5886,0.5900,0.6456
n04409515_2781.JPEG,0.5020,0.6877,0.5240,0.7207
n04409515_2793.JPEG,0.2853,0.6380,0.7087,0.9040
n04409515_2798.JPEG,0.1360,0.0412,0.9300,0.9879
n04409515_2808.JPEG,0.3540,0.5147,0.4380,0.6293
n04409515_2809.JPEG,0.6720,0.5333,0.7480,0.6187
n04409515_281.JPEG,0.2560,0.1600,0.7760,0.8533
n04409515_2829.JPEG,0.0980,0.1108,0.4380,0.6338
n04409515_2831.JPEG,0.0040,0.1952,0.0440,0.2613
n04409515_2836.JPEG,0.4440,0.2299,0.7040,0.7224
n04409515_2838.JPEG,0.5760,0.4565,0.5980,0.4895
n04409515_2859.JPEG,0.9280,0.0190,0.9800,0.0735
n04409515_2898.JPEG,0.0640,0.4414,0.1020,0.4925
n04409515_2899.JPEG,0.3784,0.5900,0.8138,0.8820
n04409515_2937.JPEG,0.3400,0.2957,0.7060,0.8087
n04409515_2951.JPEG,0.7976,0.2677,0.8657,0.3672
n04409515_2953.JPEG,0.3250,0.6057,0.5750,0.7657
n04409515_30.JPEG,0.5240,0.2933,0.7820,0.6107
n04409515_3013.JPEG,0.1840,0.6814,0.3460,0.9288
n04409515_3047.JPEG,0.3600,0.6300,0.5013,0.7260
n04409515_3064.JPEG,0.5786,0.5464,0.8214,0.7821
n04409515_3064.JPEG,0.4179,0.2821,0.6036,0.4536
n04409515_3064.JPEG,0.6750,0.3786,0.8857,0.5714
n04409515_3079.JPEG,0.0420,0.0599,0.6980,0.8802
n04409515_3122.JPEG,0.2380,0.1387,0.8200,0.9173
n04409515_3130.JPEG,0.3760,0.4240,0.5920,0.5740
n04409515_3133.JPEG,0.0000,0.0000,0.9961,0.9961
n04409515_3146.JPEG,0.0667,0.0796,0.5967,0.9005
n04409515_321.JPEG,0.4300,0.1147,0.7860,0.5867
n04409515_3221.JPEG,0.3220,0.3093,0.5480,0.6107
n04409515_3253.JPEG,0.2344,0.1632,0.8338,0.7685
n04409515_3255.JPEG,0.2102,0.2640,0.8468,0.6920
n04409515_3278.JPEG,0.5420,0.3675,0.9680,0.9970
n04409515_3296.JPEG,0.3000,0.1867,0.6875,0.7167
n04409515_3298.JPEG,0.0639,0.0368,0.9361,0.9565
n04409515_3304.JPEG,0.7820,0.4080,0.9980,0.8613
n04409515_3318.JPEG,0.2940,0.0836,0.9040,0.8825
n04409515_3426.JPEG,0.1952,0.0867,0.7976,0.9200
n04409515_3474.JPEG,0.4206,0.1783,0.9721,0.7270
n04409515_3498.JPEG,0.2920,0.1760,0.7300,0.7707
n04409515_3550.JPEG,0.0000,0.4907,0.3880,0.9973
n04409515_3625.JPEG,0.3860,0.7425,0.5500,0.9616
n04409515_3628.JPEG,0.3240,0.2293,0.7020,0.7013
n04409515_3682.JPEG,0.2100,0.6700,0.4380,0.9550
n04409515_3730.JPEG,0.6500,0.0375,0.9233,0.4375
n04409515_3770.JPEG,0.2133,0.7940,0.4160,0.9520
n04409515_3798.JPEG,0.2560,0.3120,0.5240,0.6667
n04409515_380.JPEG,0.4280,0.0601,0.8840,0.7327
n04409515_3851.JPEG,0.0520,0.2696,0.3020,0.6708
n04409515_3888.JPEG,0.3180,0.3724,0.5800,0.7688
n04409515_3923.JPEG,0.2120,0.0997,0.4960,0.5378
n04409515_4035.JPEG,0.2660,0.3680,0.3680,0.4987
n04409515_408.JPEG,0.2347,0.8460,0.4027,0.9840
n04409515_4129.JPEG,0.2540,0.3694,0.6020,0.8168
n04409515_4223.JPEG,0.0900,0.4156,0.6750,0.7781
n04409515_4396.JPEG,0.3740,0.3014,0.7200,0.7826
n04409515_4400.JPEG,0.2500,0.2600,0.4318,0.3860
n04409515_4453.JPEG,0.0647,0.2840,0.9126,0.8240
n04409515_4454.JPEG,0.3461,0.0500,0.8703,0.9514
n04409515_446.JPEG,0.4000,0.1600,0.7520,0.4240
n04409515_4468.JPEG,0.1682,0.1140,0.5976,0.4040
n04409515_4478.JPEG,0.4960,0.2681,0.8160,0.6527
n04409515_4483.JPEG,0.5420,0.1532,0.8120,0.4114
n04409515_4562.JPEG,0.1740,0.6641,0.3580,0.9115
n04409515_4570.JPEG,0.0400,0.0727,0.6280,0.9157
n04409515_4577.JPEG,0.1680,0.2874,0.5400,0.8263
n04409515_4650.JPEG,0.3680,0.2613,0.7880,0.8829
n04409515_4650.JPEG,0.2840,0.2102,0.5520,0.7928
n04409515_4846.JPEG,0.0796,0.5620,0.7522,0.9560
n04409515_4861.JPEG,0.3300,0.3223,0.4180,0.4578
n04409515_4863.JPEG,0.4800,0.8326,0.5700,0.9525
n04409515_4933.JPEG,0.3820,0.4354,0.5020,0.6186
n04409515_4933.JPEG,0.1200,0.0511,0.2300,0.2252
n04409515_5030.JPEG,0.0820,0.3644,0.4940,0.8697
n04409515_5112.JPEG,0.1160,0.1400,0.8420,0.8640
n04409515_5185.JPEG,0.2038,0.3660,0.7555,0.7300
n04409515_5200.JPEG,0.3720,0.5315,0.5760,0.7778
n04409515_5222.JPEG,0.2160,0.1350,0.7760,0.8300
n04409515_5225.JPEG,0.2012,0.7260,0.3604,0.8300
n04409515_5225.JPEG,0.4685,0.2220,0.6036,0.3140
n04409515_5244.JPEG,0.0900,0.0400,0.5650,0.6900
n04409515_5313.JPEG,0.2620,0.3324,0.6360,0.8165
n04409515_5318.JPEG,0.1125,0.0167,0.5813,0.6250
n04409515_5329.JPEG,0.3560,0.7126,0.4900,0.9251
n04409515_5381.JPEG,0.3333,0.0000,0.6667,0.3893
n04409515_5381.JPEG,0.1565,0.3033,0.4898,0.7049
n04409515_5381.JPEG,0.6769,0.6230,0.9932,0.9959
n04409515_5381.JPEG,0.0170,0.6885,0.3503,0.9959
n04409515_5381.JPEG,0.5102,0.2992,0.8537,0.6762
n04409515_5381.JPEG,0.3401,0.6393,0.6735,0.9959
n04409515_5404.JPEG,0.2600,0.2000,0.7100,0.8213
n04409515_5459.JPEG,0.4460,0.4655,0.6820,0.7748
n04409515_5460.JPEG,0.3300,0.5195,0.4020,0.5976
n04409515_5468.JPEG,0.2132,0.6400,0.4535,0.7920
n04409515_5545.JPEG,0.6147,0.2460,0.6515,0.2840
n04409515_5545.JPEG,0.5065,0.0640,0.5541,0.1060
n04409515_5545.JPEG,0.6212,0.1540,0.6623,0.1920
n04409515_5551.JPEG,0.4800,0.6107,0.5500,0.7013
n04409515_5558.JPEG,0.3720,0.1059,0.9780,0.8670
n04409515_5566.JPEG,0.0820,0.1813,0.4540,0.6773
n04409515_5592.JPEG,0.3020,0.5676,0.4100,0.6721
n04409515_5609.JPEG,0.3580,0.1351,0.7420,0.7057
n04409515_5626.JPEG,0.4020,0.5413,0.6100,0.8267
n04409515_563.JPEG,0.4094,0.5560,0.6982,0.7120
n04409515_5630.JPEG,0.0780,0.2137,0.5900,0.9288
n04409515_5631.JPEG,0.7720,0.3627,0.9500,0.6027
n04409515_5632.JPEG,0.4760,0.5650,0.7480,0.9310
n04409515_5644.JPEG,0.3054,0.6091,0.5000,0.9289
n04409515_5646.JPEG,0.3660,0.0631,0.7840,0.5491
n04409515_5646.JPEG,0.4860,0.4626,0.9160,0.8995
n04409515_5646.JPEG,0.0720,0.3972,0.4980,0.8668
n04409515_5647.JPEG,0.4240,0.1206,0.9280,0.8984
n04409515_5666.JPEG,0.3820,0.1627,0.8380,0.7600
n04409515_5674.JPEG,0.2060,0.5818,0.2480,0.6442
n04409515_5677.JPEG,0.6460,0.9069,0.6840,0.9700
n04409515_5678.JPEG,0.4375,0.7660,0.6800,0.9420
n04409515_5682.JPEG,0.0000,0.2733,0.2980,0.6847
n04409515_569.JPEG,0.5000,0.2913,0.7260,0.6366
n04409515_5708.JPEG,0.3133,0.3120,0.5213,0.4720
n04409515_5730.JPEG,0.4660,0.4537,0.5180,0.5254
n04409515_5731.JPEG,0.3333,0.5980,0.5766,0.6840
n04409515_5748.JPEG,0.5600,0.0400,0.9280,0.5150
n04409515_5756.JPEG,0.5260,0.1940,0.5840,0.2540
n04409515_5761.JPEG,0.0764,0.1626,0.2145,0.3029
n04409515_5797.JPEG,0.4060,0.3680,0.8880,0.9973
n04409515_5802.JPEG,0.1740,0.2225,0.2720,0.3353
n04409515_5816.JPEG,0.4985,0.6100,0.7688,0.7900
n04409515_5837.JPEG,0.5300,0.0533,0.8440,0.4827
n04409515_5843.JPEG,0.4000,0.7207,0.5000,0.8529
n04409515_5848.JPEG,0.3370,0.3540,0.8164,0.7000
n04409515_5866.JPEG,0.2040,0.5387,0.3520,0.7307
n04409515_587.JPEG,0.3980,0.3363,0.5900,0.6156
n04409515_5872.JPEG,0.3740,0.3813,0.6000,0.6933
n04409515_5899.JPEG,0.2420,0.2239,0.7680,0.9851
n04409515_5951.JPEG,0.5040,0.2012,0.8040,0.4805
n04409515_5955.JPEG,0.0846,0.3580,0.4532,0.5860
n04409515_5966.JPEG,0.3269,0.2000,0.6960,0.8406
n04409515_5974.JPEG,0.5290,0.0662,0.7129,0.1923
n04409515_60.JPEG,0.4780,0.3642,0.8840,0.9164
n04409515_60.JPEG,0.1860,0.1045,0.4640,0.4448
n04409515_6009.JPEG,0.6500,0.7013,0.8440,0.9707
n04409515_6035.JPEG,0.3920,0.6480,0.4740,0.7627
n04409515_6040.JPEG,0.6120,0.4745,0.7180,0.6186
n04409515_6090.JPEG,0.3694,0.2145,0.6406,0.6216
n04409515_6097.JPEG,0.1460,0.4613,0.5300,0.8293
n04409515_6100.JPEG,0.6340,0.7452,0.7220,0.9615
n04409515_6112.JPEG,0.3620,0.2907,0.5440,0.5387
n04409515_6127.JPEG,0.0963,0.1893,0.3889,0.7429
n04409515_6130.JPEG,0.5040,0.4587,0.7620,0.8027
n04409515_614.JPEG,0.4340,0.4507,0.5580,0.5547
n04409515_6174.JPEG,0.1000,0.3611,0.4500,0.7222
n04409515_6175.JPEG,0.2000,0.4880,0.4760,0.8560
n04409515_6187.JPEG,0.1260,0.1250,0.7720,0.9255
n04409515_6192.JPEG,0.4333,0.1091,0.7733,0.5727
n04409515_6209.JPEG,0.3840,0.7868,0.4220,0.8258
n04409515_6233.JPEG,0.1360,0.3634,0.3920,0.6997
n04409515_6246.JPEG,0.5460,0.3049,0.7460,0.6098
n04409515_6262.JPEG,0.3960,0.3333,0.5700,0.5886
n04409515_6283.JPEG,0.3093,0.3840,0.7787,0.7200
n04409515_6296.JPEG,0.2700,0.1590,0.7100,0.7919
n04409515_6301.JPEG,0.1340,0.2616,0.5500,0.8343
n04409515_6304.JPEG,0.1773,0.1864,0.8000,0.8091
n04409515_6348.JPEG,0.2820,0.2427,0.7260,0.8347
n04409515_6366.JPEG,0.1445,0.1523,0.8477,0.8672
n04409515_6377.JPEG,0.0980,0.2160,0.6440,0.9360
n04409515_6395.JPEG,0.5740,0.3889,0.8060,0.7531
n04409515_6424.JPEG,0.3120,0.3520,0.6200,0.7627
n04409515_6461.JPEG,0.2840,0.6347,0.4480,0.8267
n04409515_6495.JPEG,0.1980,0.0560,0.8540,0.9227
n04409515_651.JPEG,0.4500,0.5666,0.6660,0.7616
n04409515_6510.JPEG,0.2899,0.1437,0.7663,0.7575
n04409515_6545.JPEG,0.7340,0.6486,0.9080,0.8949
n04409515_6558.JPEG,0.0000,0.0293,0.5360,0.9840
n04409515_657.JPEG,0.6738,0.2120,0.7376,0.2740
n04409515_6578.JPEG,0.0000,0.0511,0.9980,0.9970
n04409515_6616.JPEG,0.1120,0.0067,0.8600,0.8227
n04409515_6703.JPEG,0.1180,0.3814,0.3280,0.6907
n04409515_6723.JPEG,0.4565,0.5780,0.8378,0.8400
n04409515_674.JPEG,0.6860,0.6326,0.8420,0.8508
n04409515_6804.JPEG,0.0800,0.2853,0.4560,0.8408
n04409515_6807.JPEG,0.2100,0.0267,0.8520,0.8907
n04409515_681.JPEG,0.5375,0.4020,0.7237,0.5220
n04409515_6815.JPEG,0.4820,0.1520,0.7000,0.4267
n04409515_6823.JPEG,0.6200,0.4217,0.8720,0.8042
n04409515_6839.JPEG,0.2195,0.4511,0.6125,0.7667
n04409515_6862.JPEG,0.6306,0.2531,0.9399,0.6556
n04409515_6862.JPEG,0.0571,0.2241,0.3483,0.6100
n04409515_6862.JPEG,0.3363,0.2614,0.6306,0.6349
n04409515_6900.JPEG,0.6964,0.0942,0.7935,0.2063
n04409515_6906.JPEG,0.5467,0.2320,0.7493,0.3900
n04409515_6926.JPEG,0.3560,0.6453,0.4080,0.7147
n04409515_7053.JPEG,0.0820,0.0820,0.9140,0.9100
n04409515_7095.JPEG,0.0349,0.5240,0.3023,0.9800
n04409515_7097.JPEG,0.2360,0.1098,0.6660,0.9277
n04409515_7142.JPEG,0.4940,0.3173,0.6080,0.4703
n04409515_7148.JPEG,0.1650,0.0067,0.9000,0.9933
n04409515_7151.JPEG,0.0000,0.0360,0.9910,0.9960
n04409515_7250.JPEG,0.0580,0.1184,0.5740,0.9474
n04409515_7251.JPEG,0.0000,0.0750,0.4950,0.6937
n04409515_726.JPEG,0.3160,0.3813,0.4240,0.5307
n04409515_7268.JPEG,0.5620,0.2943,0.7180,0.5225
n04409515_727.JPEG,0.3400,0.0640,0.6160,0.4347
n04409515_7327.JPEG,0.3360,0.2102,0.5660,0.5405
n04409515_737.JPEG,0.2940,0.2569,0.6640,0.7812
n04409515_7370.JPEG,0.3600,0.3333,0.6280,0.7013
n04409515_7387.JPEG,0.4050,0.6617,0.5725,0.8496
n04409515_739.JPEG,0.4440,0.3280,0.5140,0.4027
n04409515_7476.JPEG,0.0020,0.2548,0.6040,0.9973
n04409515_7534.JPEG,0.1360,0.4375,0.4420,0.8665
n04409515_7545.JPEG,0.1820,0.4505,0.4160,0.7958
n04409515_7570.JPEG,0.0944,0.4084,0.4464,0.8424
n04409515_7603.JPEG,0.1978,0.2550,0.4933,0.7888
n04409515_7622.JPEG,0.0833,0.0917,0.8917,0.8917
n04409515_765.JPEG,0.4060,0.5255,0.6340,0.8078
n04409515_7663.JPEG,0.2132,0.2718,0.7905,0.9413
n04409515_7711.JPEG,0.3280,0.1333,0.8820,0.8640
n04409515_7777.JPEG,0.2961,0.3260,0.5822,0.6060
n04409515_7777.JPEG,0.1136,0.4640,0.1542,0.5040
n04409515_7777.JPEG,0.6268,0.4660,0.6592,0.5040
n04409515_7803.JPEG,0.0389,0.2025,0.8623,0.8725
n04409515_7843.JPEG,0.7200,0.4400,0.8080,0.5600
n04409515_7843.JPEG,0.5900,0.4880,0.6840,0.6160
n04409515_7895.JPEG,0.3680,0.2827,0.6460,0.6507
n04409515_7921.JPEG,0.1250,0.0000,0.8700,0.9950
n04409515_7944.JPEG,0.1133,0.0356,0.7767,0.9467
n04409515_797.JPEG,0.4000,0.3234,0.6080,0.6407
n04409515_8048.JPEG,0.3040,0.3120,0.5740,0.6773
n04409515_8063.JPEG,0.3717,0.3636,0.6245,0.7330
n04409515_809.JPEG,0.2300,0.1231,0.6300,0.7231
n04409515_813.JPEG,0.5000,0.2462,0.9520,0.9249
n04409515_813.JPEG,0.0200,0.2372,0.4820,0.9249
n04409515_817.JPEG,0.1920,0.6660,0.7120,0.9940
n04409515_8225.JPEG,0.0222,0.0169,0.9778,0.9689
n04409515_8283.JPEG,0.0833,0.0876,0.8867,0.9387
n04409515_8327.JPEG,0.2640,0.3707,0.6180,0.8080
n04409515_8373.JPEG,0.3970,0.4107,0.8951,0.8893
n04409515_8446.JPEG,0.0060,0.0667,0.5300,0.9947
n04409515_8479.JPEG,0.2293,0.7520,0.4800,0.9440
n04409515_8481.JPEG,0.1000,0.2793,0.5220,0.8298
n04409515_8481.JPEG,0.7960,0.3644,0.8160,0.3830
n04409515_8481.JPEG,0.6060,0.5904,0.6240,0.6117
n04409515_8518.JPEG,0.5160,0.1682,0.9880,0.8799
n04409515_8534.JPEG,0.1300,0.1167,0.8700,0.8733
n04409515_8558.JPEG,0.6214,0.4786,0.7536,0.6000
n04409515_8558.JPEG,0.1036,0.3321,0.2179,0.3893
n04409515_8603.JPEG,0.1549,0.0960,0.8451,0.8880
n04409515_868.JPEG,0.1389,0.3118,0.5556,0.9410
n04409515_8740.JPEG,0.4160,0.7126,0.5720,0.9371
n04409515_8797.JPEG,0.3625,0.1773,0.7300,0.6689
n04409515_8856.JPEG,0.3960,0.3619,0.5420,0.5663
n04409515_887.JPEG,0.1914,0.0302,0.8171,0.9698
n04409515_8873.JPEG,0.1286,0.6020,0.6314,0.9400
n04409515_8873.JPEG,0.6571,0.0700,0.9286,0.2720
n04409515_8949.JPEG,0.4020,0.2871,0.7220,0.8218
n04409515_8985.JPEG,0.4680,0.1900,0.6980,0.4775
n04409515_9004.JPEG,0.5360,0.1280,0.8820,0.6667
n04409515_9060.JPEG,0.1778,0.1720,0.8017,0.5840
n04409515_932.JPEG,0.5020,0.5680,0.7020,0.8187
n04409515_932.JPEG,0.8660,0.4533,0.9400,0.5547
n04409515_932.JPEG,0.3240,0.5840,0.4560,0.7307
n04409515_9372.JPEG,0.0000,0.1200,0.9960,0.8720
n04409515_9474.JPEG,0.5460,0.3563,0.6240,0.4731
n04409515_9474.JPEG,0.4680,0.3713,0.5420,0.4731
n04409515_9506.JPEG,0.4320,0.3694,0.6260,0.6547
n04409515_9546.JPEG,0.4140,0.4120,0.5760,0.5760
n04409515_9587.JPEG,0.2220,0.6122,0.5860,0.9932
n04409515_9593.JPEG,0.0800,0.1349,0.5340,0.7947
n04409515_9609.JPEG,0.4027,0.7260,0.6933,0.9200
n04409515_9709.JPEG,0.2980,0.2925,0.6860,0.7800
n04409515_9732.JPEG,0.7820,0.3547,0.9980,0.7173
n04409515_988.JPEG,0.3780,0.3589,0.4840,0.4849
n04409515_9917.JPEG,0.3387,0.5720,0.6320,0.8020
n04409515_9967.JPEG,0.5260,0.2613,0.9720,0.8453
n04409515_9971.JPEG,0.2280,0.1532,0.7260,0.8949
n04409515_9979.JPEG,0.1400,0.1176,0.5560,0.8934
n04409515_9982.JPEG,0.1040,0.2763,0.5140,0.8619
n04409515_9994.JPEG,0.0691,0.3480,0.5976,0.6940
